region,city
HUNTER VALLEY,WOLLOMBI
HUNTER VALLEY,MOUNT VIEW
HUNTER VALLEY,POKOLBIN
HUNTER VALLEY,HINTON
HUNTER VALLEY,POKOLBIN 
HUNTER VALLEY,STROUD
HUNTER VALLEY,LOVEDALE
HUNTER VALLEY,GLEN ALICE
HUNTER VALLEY,MILLFIELD
HUNTER VALLEY,MAIN CREEK
HUNTER VALLEY,WOODVILLE
HUNTER VALLEY,BELFORD
HUNTER VALLEY,LAGUNA
HUNTER VALLEY,COBARK
HUNTER VALLEY,WINDERMERE
HUNTER VALLEY,QUORROBOLONG
HUNTER VALLEY,ROSEBROOK
HUNTER VALLEY,VACY
HUNTER VALLEY,KOORAINGHAT
HUNTER VALLEY,CESSNOCK
HUNTER VALLEY,COAL POINT
HUNTER VALLEY,MURRURUNDI
HUNTER VALLEY,ROTHBURY
HUNTER VALLEY,COMBOYNE
HUNTER VALLEY,CEDAR CREEK
HUNTER VALLEY,LUSKINTYRE
HUNTER VALLEY,POSSUM BRUSH
HUNTER VALLEY,CONGEWAI
HUNTER VALLEY,NORTH ROTHBURY
HUNTER VALLEY,WYLIES FLAT
HUNTER VALLEY,SEAHAM
HUNTER VALLEY,MOUNT VINCENT
HUNTER VALLEY,BINDERA
HUNTER VALLEY,MOONAN FLAT
HUNTER VALLEY,MORPETH
HUNTER VALLEY,BLUEYS BEACH
HUNTER VALLEY,BROKE
HUNTER VALLEY,BELLBIRD HEIGHTS
HUNTER VALLEY,ELDERSLIE
HUNTER VALLEY,ARCADIA VALE
HUNTER VALLEY,NABIAC
HUNTER VALLEY,GLOUCESTER
HUNTER VALLEY,LAMBS VALLEY
HUNTER VALLEY,LOVEDALE 
HUNTER VALLEY,HUNTER VALLEY GRETA MAIN
HUNTER VALLEY,ABERDARE
HUNTER VALLEY,GRETA
HUNTER VALLEY,RATHMINES
HUNTER VALLEY,HAWKS NEST
HUNTER VALLEY,MULBRING
HUNTER VALLEY,FIREFLY
HUNTER VALLEY,KRAMBACH
HUNTER VALLEY,NELSON BAY
HUNTER VALLEY,ELLALONG
HUNTER VALLEY,UPPER LANSDOWNE
HUNTER VALLEY,ALISON
HUNTER VALLEY,CAPERTEE
HUNTER VALLEY,EAST MAITLAND
HUNTER VALLEY,BOWMAN FARM
HUNTER VALLEY,BANDON GROVE
HUNTER VALLEY,NEWCASTLE
HUNTER VALLEY,LOWER BELFORD
HUNTER VALLEY,GWANDALAN
HUNTER VALLEY, QUORROBOLONG  HUNTER VALLEY
HUNTER VALLEY,BUNGWAHL
HUNTER VALLEY,MEREWETHER
HUNTER VALLEY,NEWCASTLE EAST
HUNTER VALLEY,PAYNES CROSSING
HUNTER VALLEY,BARRINGTON
HUNTER VALLEY,SALISBURY
HUNTER VALLEY,WICKHAM
CENTRAL COAST,BATEAU BAY
CENTRAL COAST,THE ENTRANCE
CENTRAL COAST,TERRIGAL
CENTRAL COAST,BLUE BAY
CENTRAL COAST,UMINA BEACH
CENTRAL COAST,LISAROW
CENTRAL COAST,FORRESTERS BEACH
CENTRAL COAST,LONG JETTY
CENTRAL COAST,TOUKLEY
CENTRAL COAST,ETTALONG BEACH
CENTRAL COAST,BERKELEY VALE
CENTRAL COAST,BUFF POINT
CENTRAL COAST,COPACABANA
CENTRAL COAST,POINT CLARE
CENTRAL COAST,WAMBERAL
CENTRAL COAST,HOLGATE
CENTRAL COAST,DALEYS POINT
CENTRAL COAST,TUGGERAWONG
CENTRAL COAST,BLACKWALL
CENTRAL COAST,KOOLEWONG
CENTRAL COAST,GOSFORD
CENTRAL COAST,KINCUMBER SOUTH
CENTRAL COAST,PICKETTS VALLEY
CENTRAL COAST,NORTH AVOCA
CENTRAL COAST,GOROKAN
CENTRAL COAST,AVOCA BEACH
CENTRAL COAST,THE ENTRANCE NORTH
CENTRAL COAST,PEARL BEACH
CENTRAL COAST,WYONG CREEK
CENTRAL COAST,SHELLY BEACH
CENTRAL COAST,WYOMING
CENTRAL COAST,MACMASTERS BEACH
CENTRAL COAST,BENSVILLE
CENTRAL COAST,OURIMBAH
CENTRAL COAST,BOOKER BAY
CENTRAL COAST,FOUNTAINDALE
CENTRAL COAST,MATCHAM
CENTRAL COAST,SARATOGA
CENTRAL COAST,KANWAL
CENTRAL COAST,KILLCARE
CENTRAL COAST,SAINT HUBERTS ISLAND
CENTRAL COAST,TOOWOON BAY
CENTRAL COAST,WAGSTAFFE
CENTRAL COAST,CHARMHAVEN
CENTRAL COAST,EAST GOSFORD
CENTRAL COAST,YATTALUNGA
CENTRAL COAST,PHEGANS BAY
CENTRAL COAST,HALEKULANI
CENTRAL COAST,CHITTAWAY POINT
CENTRAL COAST,PRETTY BEACH
CENTRAL COAST,SOMERSBY
CENTRAL COAST,NARARA
CENTRAL COAST,WOY WOY
CENTRAL COAST,BUDGEWOI
CENTRAL COAST,MARDI
CENTRAL COAST,ERINA
CENTRAL COAST,HORSFIELD BAY
CENTRAL COAST,GREEN POINT
SOUTH COAST,WORROWING HEIGHTS
SOUTH COAST,FOXGROUND
SOUTH COAST,LAKE GEORGE
SOUTH COAST,MILTON
SOUTH COAST,WOODBURN
SOUTH COAST,TATHRA
SOUTH COAST,MERIMBULA
SOUTH COAST,HUSKISSON
SOUTH COAST,BROGO
SOUTH COAST,NIMMITABEL
SOUTH COAST,CALLALA BEACH
SOUTH COAST,MYSTERY BAY
SOUTH COAST,NORTH NAROOMA
SOUTH COAST,CULBURRA BEACH
SOUTH COAST,TALLONG
SOUTH COAST,BERRARA
SOUTH COAST,TUROSS HEAD
SOUTH COAST,HYAMS BEACH
SOUTH COAST,KANGAROO VALLEY
SOUTH COAST,COOLAGOLITE
SOUTH COAST,NORTH BATEMANS BAY
SOUTH COAST,TERMEIL
SOUTH COAST,LILLI PILLI
SOUTH COAST,CALLALA BAY
SOUTH COAST,BAWLEY POINT
SOUTH COAST,VINCENTIA
SOUTH COAST,CENTRAL TILBA
SOUTH COAST,MOLLYMOOK BEACH
SOUTH COAST,LONG BEACH
SOUTH COAST,BARRENGARRY
SOUTH COAST,SOUTH DURRAS
SOUTH COAST,BERMAGUI
SOUTH COAST,MALUA BAY
SOUTH COAST,BATEMANS BAY
SOUTH COAST,OLD EROWAL BAY
SOUTH COAST,MILLINGANDI
SOUTH COAST,SUSSEX INLET
SOUTH COAST,BROGERS CREEK
SOUTH COAST,MANYANA
SOUTH COAST,PAMBULA
SOUTH COAST,ROSE VALLEY
SOUTH COAST,TURA BEACH
SOUTH COAST,GERRINGONG
SOUTH COAST,GERROA
SOUTH COAST,SANCTUARY POINT
SOUTH COAST,SOUTH WOLUMLA
SOUTH COAST,MOLLYMOOK
SOUTH COAST,SUNSHINE BAY
SOUTH COAST,DURRAS NORTH
SOUTH COAST,SHOALHAVEN HEADS
SOUTH COAST,NARRAWALLEE
SOUTH COAST,CURRARONG
SOUTH COAST,EROWAL BAY
SOUTH COAST,PEBBLY BEACH
SOUTH COAST,WOOLLAMIA
SOUTH COAST,BROULEE
SOUTH COAST,BURRADOO
SOUTH COAST,KINGS POINT
SOUTH COAST,MOGO
SOUTH COAST,MOUNT FAIRY
SOUTH COAST,POTATO POINT
SOUTH COAST,SURF BEACH
SOUTH COAST,WERRI BEACH
SOUTH COAST,AKOLELE
SOUTH COAST,BUNDANOON
SOUTH COAST,MYRTLE MOUNTAIN
SOUTH COAST,JAMBEROO
SOUTH COAST,SAINT GEORGES BASIN
SOUTH COAST,DENHAMS BEACH
SOUTH COAST,TANJA
SOUTH COAST,MORTON
BLUE MOUNTAINS,KATOOMBA
BLUE MOUNTAINS,LITTLE HARTLEY
BLUE MOUNTAINS,BLACKHEATH
BLUE MOUNTAINS,THE MEADOWS
BLUE MOUNTAINS,LEURA
BLUE MOUNTAINS,MEGALONG VALLEY
BLUE MOUNTAINS,WOODFORD
BLUE MOUNTAINS,WENTWORTH FALLS
BLUE MOUNTAINS,MEDLOW BATH
BLUE MOUNTAINS,WOLGAN VALLEY
BLUE MOUNTAINS,MOUNT TOMAH
BLUE MOUNTAINS,RYDAL
BLUE MOUNTAINS,BILPIN
BLUE MOUNTAINS,KURRAJONG HEIGHTS
BLUE MOUNTAINS,HAMPTON
BLUE MOUNTAINS,LAWSON
BLUE MOUNTAINS,GINGKIN
BLUE MOUNTAINS,MOUNT MARSDEN
BLUE MOUNTAINS,KANIMBLA
BLUE MOUNTAINS,GROSE VALE
BLUE MOUNTAINS,GANBENANG
BLUE MOUNTAINS,BULLABURRA
BLUE MOUNTAINS,BOWEN MOUNTAIN
BLUE MOUNTAINS,WARRIMOO
BLUE MOUNTAINS,GLENBROOK
BLUE MOUNTAINS,CARWELL
BLUE MOUNTAINS,MOUNTAIN LAGOON
BLUE MOUNTAINS,SOUTH BOWENFELS
BLUE MOUNTAINS,FAULCONBRIDGE
BLUE MOUNTAINS,HAZELBROOK
BLUE MOUNTAINS,HARTLEY VALE
BLUE MOUNTAINS,SPRINGWOOD
BLUE MOUNTAINS,MOUNT VICTORIA
BLUE MOUNTAINS,EDITH
BLUE MOUNTAINS,BERAMBING
BLUE MOUNTAINS,MCKELLARS PARK
BLUE MOUNTAINS,DUCKMALOI
BLUE MOUNTAINS,KURRAJONG
BLUE MOUNTAINS,MOUNT WILSON
BLUE MOUNTAINS,HARTLEY
WOLLONGONG,BERKELEY
WOLLONGONG,BALGOWNIE
WOLLONGONG,WOLLONGONG
WOLLONGONG,TARRAWANNA
WOLLONGONG,KEIRAVILLE
WOLLONGONG,NORTH WOLLONGONG
WOLLONGONG,MOUNT SAINT THOMAS
WOLLONGONG,BELLAMBI
WOLLONGONG,MANGERTON
WOLLONGONG,EAST CORRIMAL
WOLLONGONG,MOUNT KEIRA
WOLLONGONG,CORRIMAL
WOLLONGONG,MOUNT KEMBLA
WOLLONGONG,MOUNT WARRIGAL
WOLLONGONG,LAKE ILLAWARRA
WOLLONGONG,TOWRADGI
WOLLONGONG,WINDANG
WOLLONGONG,GWYNNEVILLE
WOLLONGONG,FAIRY MEADOW
WOLLONGONG,PORT KEMBLA
WOLLONGONG,WOONONA
WOLLONGONG,COLEDALE
WOLLONGONG,MARSHALL MOUNT
WOLLONGONG,FIGTREE
WOLLONGONG,STANWELL PARK
WOLLONGONG,UNANDERRA
WOLLONGONG,YALLAH
WOLLONGONG,MOUNT PLEASANT
WOLLONGONG,CRINGILA
WOLLONGONG,KIAMA
WOLLONGONG,BULLI
WOLLONGONG,AUSTINMER
WOLLONGONG,KEMBLA GRANGE
WOLLONGONG,PRIMBEE
WOLLONGONG,STANWELL TOPS
WOLLONGONG,DAPTO
WOLLONGONG,RUSSELL VALE
WOLLONGONG,COALCLIFF
WOLLONGONG,SHELL COVE
WOLLONGONG,KOONAWARRA
WOLLONGONG,WARRAWONG
SHOALHAVEN,CULBURRA BEACH
SHOALHAVEN,SHOALHAVEN HEADS
SHOALHAVEN,OLD EROWAL BAY
SHOALHAVEN,BERRARA
SHOALHAVEN,KIOLOA
SHOALHAVEN,BENDALONG
SHOALHAVEN,SUSSEX INLET
SHOALHAVEN,MOLLYMOOK BEACH
SHOALHAVEN,MILTON
SHOALHAVEN,VINCENTIA
SHOALHAVEN,LAKE CONJOLA
SHOALHAVEN,WORROWING HEIGHTS
SHOALHAVEN,CALLALA BEACH
SHOALHAVEN,BROGERS CREEK
SHOALHAVEN,FOXGROUND
SHOALHAVEN,HUSKISSON
SHOALHAVEN,WOODSTOCK
SHOALHAVEN,CONJOLA
SHOALHAVEN,CALLALA BAY
SHOALHAVEN,BARRENGARRY
SHOALHAVEN,WOOLLAMIA
SHOALHAVEN,SANCTUARY POINT
SHOALHAVEN,WOODBURN
SHOALHAVEN,GERRINGONG
SHOALHAVEN,KANGAROO VALLEY
SHOALHAVEN,BOMADERRY
SHOALHAVEN,CAMBEWARRA VILLAGE
SHOALHAVEN,PENROSE
SHOALHAVEN,EROWAL BAY
SHOALHAVEN,SAINT GEORGES BASIN
SHOALHAVEN,NARRAWALLEE
SHOALHAVEN,BROUGHTON
SHOALHAVEN,BAWLEY POINT
SHOALHAVEN,BELLAWONGARAH
SHOALHAVEN,TERMEIL
SHOALHAVEN,BASIN VIEW
SHOALHAVEN,FALLS CREEK
SHOALHAVEN,MEROO MEADOW
SHOALHAVEN,JERVIS BAY
SHOALHAVEN,MORTON
SHOALHAVEN,MANYANA
SHOALHAVEN,DURRAS NORTH
SHOALHAVEN,MOLLYMOOK
SHOALHAVEN,BEWONG
SHOALHAVEN,CURRARONG
SHOALHAVEN,NOWRA
SHOALHAVEN,JAMBEROO
SHOALHAVEN,BERRY
SHOALHAVEN,TALLONG
SHOALHAVEN,HYAMS BEACH
SHOALHAVEN,BUNDANOON
SHOALHAVEN,PARMA
SHOALHAVEN,COOLANGATTA
SHOALHAVEN,UPPER KANGAROO RIVER
SHOALHAVEN,BEAUMONT
SHOALHAVEN,FISHERMANS PARADISE
SHOALHAVEN,TERARA
SHOALHAVEN,BURRILL LAKE
SHOALHAVEN,NERRIGA
SHOALHAVEN,TOMERONG
SHOALHAVEN,MUNDAMIA
